Claim,Original_Verdict,Gold_Verdict,Pred_Verdict
“When did the decline of coal start? It started when natural gas took off that started to begin in (President George W.) Bush’s administration.”,TRUE,Mostly True,Mostly True
“Hillary Clinton agrees with John McCain ‘by voting to give George Bush the benefit of the doubt on Iran.’”,TRUE,FALSE,FALSE
“Health care reform legislation is likely to mandate free sex change surgeries.”,TRUE,FALSE,FALSE
“The economic turnaround started at the end of my term.”,TRUE,Half True,Half True
“The Chicago Bears have had more starting quarterbacks in the last 10 years than the total number of tenured (UW) faculty fired during the last two decades.”,TRUE,TRUE,TRUE
“Jim Dunnam has not lived in the district he represents for years now.”,TRUE,Mostly False,Half True
"“I'm the only person on this stage who has worked actively just last year passing, along with Russ Feingold, some of the toughest ethics reform since Watergate.”",TRUE,Half True,Half True
"“However, it took $19.5 million in Oregon Lottery funds for the Port of Newport to eventually land the new NOAA Marine Operations Center-Pacific.”",TRUE,Mostly True,Mostly True
“We have a federal government that thinks they have the authority to regulate our toilet seats.”,TRUE,Mostly True,Mostly True
“Austin is a city that has basically doubled in size every 25 years or so since it was founded.”,TRUE,TRUE,TRUE
"“The nuclear test conducted in our nation this time is the Earth’s 2,054th nuclear test. The five permanent members of the U.N. Security Council have conducted 99.99 percent of the total nuclear tests.”",TRUE,TRUE,FALSE
"“In the case of a catastrophic event, the Atlanta-area offices of the CDC will self-destruct.”",TRUE,FALSE,FALSE
"“Under President George W. Bush, we added $4.9 trillion to the debt. Under President Obama we’ve added $6.5 trillion to the debt.”",TRUE,Half True,Half True
“Says a U.S. Supreme Court justice suggested that some U.S. cases will be decided based on South African law.”,TRUE,Half True,Half True
“Says Marco Rubio skipped 18 defense votes including one to arm the Kurds to fight ISIS.”,TRUE,FALSE,FALSE
“Rep. David Cicilline is responsible for the federal loan guarantee to Solyndra.”,TRUE,FALSE,FALSE
“Says Ohio budget item later signed into law by Gov. John Kasich requires women seeking an abortion to undergo a mandatory vaginal probe.”,TRUE,FALSE,FALSE
“We have a director of homeland security who cannot use and will not use the term ‘terrorist attack’ but instead substitutes ‘man-made disaster.’”,TRUE,Half True,Half True
“African-American youth unemployment is 51 percent. Hispanic youth unemployment is 36 percent.”,TRUE,Half True,Half True
"“Obamacare will provide insurance to all non-U.S. residents, even if they are here illegally.”",TRUE,FALSE,FALSE
“President Barack Obama took exactly none of his own deficit reduction commissions ideas. Not one.”,TRUE,FALSE,FALSE
“It was under Barack Obama and Hillary Clinton that changed the rules of engagement that probably cost (Capt. Humayun Khan’s) life.”,TRUE,FALSE,FALSE
“Hillary Clinton in 2005 co-sponsored legislation that would jail flag burners.”,TRUE,TRUE,TRUE
“Says the paperback edition of Mitt Romney’s book deleted a line that Massachusetts individual mandate should be the model for the country.”,TRUE,Mostly True,Half True
"“Maggie Hassan raised tuition, making it the highest in America.”",TRUE,FALSE,FALSE
“Terry McAuliffe is the person who invented the scheme to rent out the Lincoln Bedroom.”,TRUE,FALSE,FALSE
"“We created 800,000 new jobs, we cut the unemployment rate almost in half and today New York State has more private sector jobs than it has ever had in its history.”",TRUE,Half True,Half True
"“We have towns in West Texas that are out of water, that are having to truck in water.”",TRUE,Mostly True,Mostly True
"“In Georgia, women earn 82 cents for every dollar earned by men.”",TRUE,Mostly True,Mostly True
“A federal system that verifies employees are authorized to work in the U.S. is inaccurate anywhere from 50 percent all the way up to in excess of 80 percent of the time.”,TRUE,FALSE,FALSE
"“They were going to build the wall a while ago, not so long ago, like in ’06. And they couldn’t get environmental impact statements.”",TRUE,Pants on Fire,FALSE
“Sen. Obama’s campaign announced that he’s choosing his cabinet.”,TRUE,Pants on Fire,TRUE
"“In 2008, only 54 percent of Latinos in Texas were registered to vote and only 35 percent actually turned out.”",TRUE,Half True,Half True
“Only 2 percent of public high schools in the country offer PE classes.”,TRUE,TRUE,FALSE
“Said he’s the only Republican candidate ‘who’s actually turned around a government economy.’”,TRUE,Half True,Half True
"“On military recruiters at Harvard, Elena Kagan ‘took a position and the Supreme Court ruled unanimously that she was wrong.’”",TRUE,Mostly True,Mostly True
"“There are 321,092 public school teachers in Texas. And there are 313,850 non-teachers in our public schools.”",TRUE,FALSE,FALSE
"“Under Mayor Cicilline, Providence was a sanctuary city.”",TRUE,Mostly True,Mostly True
“Transgender individuals in the U.S. have a 1-in-12 chance of being murdered.”,TRUE,FALSE,FALSE
"“At Bain Capital, we helped start an early childhood learning company called Bright Horizons that First Lady Michelle Obama rightly praised.”",TRUE,Half True,TRUE
“U.S. Rep. Phil Gingrey gave the government the power to electronically spy on Americans without a warrant.”,TRUE,Half True,Half True
“Alex Sink funneled three-quarters of a million dollars in no-bid contracts to Bank of America.”,TRUE,Half True,Half True
"“If you take the population growth here in Virginia, we are net zero on job creation since (Bob McDonnell) became governor.”",TRUE,Half True,Half True
"“Under Obama, home values in Florida collapsed, construction jobs were lost and the state had a high foreclosure rate.”",TRUE,Half True,Half True
“The new Arizona immigration law ‘says that any police officer can stop anyone who appears to them to be reasonably suspicious of being an undocumented person.’”,TRUE,Mostly True,Mostly True
“The only time in our history when the debt has been higher than this was the end of World War II.”,TRUE,FALSE,FALSE
“The cost of health care is now the single-biggest factor driving down the federal budget deficit.”,TRUE,Mostly True,Mostly True
"“During the recession, the consumer in his native perversity has begun to save. The savings rate is now 6.2 percent.”",TRUE,Half True,Half True
“Says one out of three U.S. homeless men is a veteran.”,TRUE,FALSE,FALSE
“Says Charlie Crist supports cuts to the Medicare Advantage program.”,TRUE,Mostly True,Half True
“I think it is unacceptable for the Chinese today to be larger in wind power and in solar panels and photovoltaic manufacturing than all of Europe put together — forget the United States.”,TRUE,Mostly True,Mostly True
“Says Scott Brown co-sponsored legislation to let employers deny women coverage for birth control.”,TRUE,Mostly True,Mostly True
"“At some point in their lives, 99 % of women use birth control.”",TRUE,TRUE,TRUE
"“In the past 20 years, Egypt has made great strides in political and democratic reform.”",TRUE,FALSE,FALSE
“The amount of attention paid this week to Chris Christie makes the coverage of Benghazi … pale in significance.”,TRUE,TRUE,FALSE
“Says U.S. Rep. Steve Southerland voted to keep the shutdown going.”,TRUE,Mostly True,Mostly True
"“In Rick Perry’s Texas, we import nurses … from other countries.”",TRUE,TRUE,TRUE
“There is a federal criminal law that says it’s a crime to transport dentures across state lines.”,TRUE,TRUE,TRUE
“We built a new prison every 10 days between 1990 and 2005 to keep up with our mass-incarceration explosion of non-violent offenders.”,TRUE,Mostly True,Mostly True
“Sen. McCain’s tax plan provides ‘virtually nothing to the middle class.’”,TRUE,Half True,Half True
“Austin is burdened by the fastest-growing tax increases of any major city in the nation.”,TRUE,FALSE,FALSE
"“Phoenix, Arizona, is the No. 2 kidnapping capital of the world.”",TRUE,FALSE,FALSE
“I belong to the AFL-CIO.”,TRUE,Half True,Half True
“The insurance commissioner can’t do squat about health care.”,TRUE,FALSE,Half True
“Says a poll found him the only Republican candidate who could beat Barack Obama in Texas — and by eight points.”,TRUE,Half True,Half True
"“President Ronald Reagan sent troops into conflict only in one circumstance, which was in Grenada. We were in a peacekeeping setting in Lebanon.”",TRUE,Mostly True,FALSE
“Says David Jolly supports privatizing Social Security.”,TRUE,Mostly True,Half True
“Did you know U.S. population growth is at its lowest since the Great Depression?”,TRUE,Half True,Mostly True
“The average student in Florida pays as much or less for tuition than for cell phones.”,TRUE,FALSE,FALSE
"“Since 1968, more Americans have died from gunfire than in all the wars of this country’s history.”",TRUE,Half True,Half True
“A foreclosure tax taking effect in 2013 could mean high tax bills for families who modified their mortgages or had short sales.”,TRUE,Half True,Half True
The Florida Department of Agriculture’s website FreshFromFlorida.com can be used to get a permit to carry a loaded hidden gun without ever leaving your house.,TRUE,FALSE,FALSE
"The Atlanta Streetcar is expected to create 930 jobs during construction, totaling more than 5,600 jobs over the next 20 years.",TRUE,TRUE,Half True
Raising the minimum wage to $10.10 an hour would help lift over a million Americans out of poverty.,TRUE,Mostly True,Mostly True
"Says Secretary of State John Kerry, when he was a senator, flew to Managua and met with a communist dictator there, Daniel Ortega, and accused the Reagan administration of engaging in terrorism.",TRUE,Half True,Half True
NATO is opening up a major terror division … “I’m sure I’m not going to get credit … but that was largely because of what I was saying.”,TRUE,FALSE,FALSE
Sen. Obama has always had a 100 percent pro-choice rating.,TRUE,Pants on Fire,Half True
"Since Gina Raimondo took office, investment fees on the state’s pension portfolio have gone up from about $12 million to $50 million.",TRUE,TRUE,Half True
The (federal) debt is growing by more than $4 billion a day.,TRUE,Mostly True,TRUE
"Under President Obama’s jobs bill, states would no longer have to lay off teachers, firefighters and police officers.",TRUE,Half True,Half True
"Of our 98,000 teachers who are K-12, over 53,000 are over 50 years old.",TRUE,Half True,Half True
Two-thirds of Wisconsinites receiving unemployment checks are not required to search for work due to exemptions.,TRUE,FALSE,FALSE
"Under President Obama’s health-care reforms, the premium for an average plan for a family didn’t go down by $2,500 per year, it’s gone up about $2,500 per year.",TRUE,Mostly True,Mostly True
"The IRS also investigated liberal groups, groups with “progressive” in their name.",TRUE,Half True,Half True
Obama promised unemployment would never go above 8%.,TRUE,Mostly False,FALSE
Economy creating jobs at fastest pace since 1999.,TRUE,Mostly True,Mostly True
Obama declined to meet Netanyahu in NY.,TRUE,Half True,TRUE
"Majority of states allow marriage, but you can still be fired for who you love.",TRUE,Mostly True,Mostly True
DeFazio and Blumenauer are openly socialist.,TRUE,FALSE,FALSE
Giuliani is most underqualified since George Bush.,TRUE,Half True,Half True
Half of presidents were governors; half senators.,TRUE,FALSE,FALSE
Brexit caused $100 B loss from 401(k)s in 24 h.,TRUE,Mostly True,Mostly True
"Medicaid spending declined by 1.9% in 2012, the second such decline in 47 years.",TRUE,FALSE,FALSE
88 Texas constables have died in the line of duty.,TRUE,Mostly True,Mostly True
Rick Scott cut prepaid college tuition cost by nearly $20 000.,TRUE,TRUE,TRUE
Columbus would save $41 million a year if employees contributed to their pensions.,TRUE,Half True,Half True
"As Florida CFO, I shut down Krakow’s scam and refunded $1.2 million to victims.",TRUE,FALSE,Mostly True
More women got computer science degrees in the 1980s by a factor of 2+ than now.,TRUE,Pants on Fire,Mostly True
Air Force wants taxpayers to fund a fantasy football league.,TRUE,Pants On Fire,Pants on Fire
Obama will force courts to accept Islamic Sharia law in domestic disputes.,TRUE,Pants On Fire,Pants on Fire
3% of murders and crimes are committed with legally purchased guns.,TRUE,FALSE,FALSE
Some neighborhood schools are closing.,TRUE,TRUE,TRUE
He told gay organizers in Massachusetts he would be a stronger advocate for special rights than Ted Kennedy.,TRUE,Half True,Half True
"The years that I was speaker, the Florida House consistently offered leaner budgets than the governor offered.",TRUE,Half True,Half True
We are already almost halfway to our 2010 goal of creating 700 000 new jobs in seven years.,TRUE,Half True,Half True
Says the U.S. Supreme Court found that Social Security is not guaranteed.,TRUE,Mostly True,Mostly True
Says Michael Bennet wants to close Guantanamo Bay and bring terrorists to Colorado.,TRUE,FALSE,FALSE
Oregonians have an amazing no-cost way to fight abortion with free political donations.,TRUE,FALSE,FALSE
The president said he’s going to bring in 250 000 Syrian and Iraqi refugees.,TRUE,FALSE,FALSE
Research shows a vast majority of immigrants come believing government is source of prosperity.,TRUE,Half True,FALSE
Newt Gingrich’s immigration plan offers a new doorway to amnesty.,TRUE,Pants on Fire,Mostly True
Mr. Caprio is a career politician who has never worked in the private sector.,TRUE,Half True,Half True
In Rhode Island 9 % of workers use TDI each year while in New Jersey rate is 3 %.,TRUE,FALSE,FALSE
In 17 years Social Security + health + interest will exceed ALL tax revenue.,TRUE,Half True,Half True
President Obama took more money from Wall Street in 2008 than anybody ever had.,TRUE,FALSE,FALSE
Donald Trump has said nuclear proliferation is OK.,TRUE,FALSE,FALSE
Hillary Clinton has taken over $800 000 from lobbyists.,TRUE,Mostly True,Mostly True
Barack Obama has never even worked in business.,TRUE,TRUE,TRUE
The Arizona immigration law expressly bans racial profiling.,TRUE,FALSE,FALSE
Says Gov. Rick Perry has been begging for the federal government to send the Coast Guard to patrol two lakes on the U.S.–Mexico border.,TRUE,FALSE,FALSE
On the VA: Over 300 000 veterans have died waiting for care.,TRUE,Mostly True,FALSE
We’re now spending 42 percent of our economy on government.,TRUE,FALSE,FALSE
Rob Cornilles supports privatizing Medicare.,TRUE,Half True,Half True
"In 2005, Dan Branch tried to expand third-trimester abortions in Texas.",TRUE,FALSE,FALSE
We (Democrats) have made steady progress creating jobs and improving our schools.,TRUE,Mostly True,Mostly True
Michigan and Massachusetts raised their bottle deposit and could no longer afford the program because redemptions were so high there was no profit.,TRUE,FALSE,FALSE
"Whether you like to admit it or not, half our general revenue goes to education.",TRUE,Half True,Half True
I’m the only one who’s fought against developers draining the Everglades!,TRUE,FALSE,FALSE
Ron Johnson called Social Security a Ponzi scheme and wants to privatize it.,TRUE,Half True,Half True
"31 states & 10,000 cities have same policies as North Carolina HB2.",TRUE,FALSE,FALSE
Climate change is directly related to the growth of terrorism.,TRUE,FALSE,FALSE
Obama’s jobs bill includes a tax on soup kitchens.,TRUE,FALSE,FALSE
Obama administration funded Finnish cars & Chinese windmills.,TRUE,FALSE,FALSE
Sarah Palin tried to fire Wasilla librarian over book bans.,TRUE,TRUE,TRUE
Milwaukee would have 23 bicycle fines higher than $50 pot fine.,TRUE,TRUE,TRUE
There are more illegal immigrants now than five years ago.,TRUE,FALSE,FALSE
Rick Perry wrote a letter supporting Hillarycare.,TRUE,TRUE,TRUE
USPTO received zero complaints about the Redskins name.,TRUE,Half True,FALSE
Obamacare will raise premiums and make hundreds of millions lose coverage.,TRUE,FALSE,FALSE
Mexican immigrants are more law-abiding than U.S. citizens.,TRUE,Pants on Fire,Mostly True
Chris Christie vetoed a 30-bill jobs package.,TRUE,TRUE,TRUE
There are more U.S. solar jobs than coal mining jobs.,TRUE,TRUE,TRUE
Bill Brady’s first priority was a mass-euthanasia bill.,TRUE,FALSE,FALSE
Obama’s economy worsened since he became president.,TRUE,FALSE,FALSE
Romney failed to act against sanctuary cities in Massachusetts.,TRUE,Mostly True,Mostly True
"New Jersey lost 200,000 jobs and trailed U.S. under Christie.",TRUE,Mostly True,Mostly True
Thomas Eric Duncan entered the U.S. with an elevated temperature.,TRUE,FALSE,FALSE
The Afghanistan war is the longest U.S. war in a foreign land.,TRUE,TRUE,TRUE
Gas prices rose $2 since Obama took office.,TRUE,Half True,Half True
Webster sponsored marriage bill trapping women in abusive relationships.,TRUE,FALSE,FALSE
Judges get better benefits at lower cost than everyone else.,TRUE,Half True,Half True
Many U.S. casinos have gone bankrupt.,TRUE,TRUE,TRUE
Small businesses create 70 % of all U.S. jobs.,TRUE,Mostly True,Mostly True
Seniors on Medicare Advantage give up more under ACA reforms.,TRUE,Half True,Half True
"Florida arrests over 12 000 school kids, leading the nation.",TRUE,Mostly True,Mostly True
Texas economy would rank #10 globally if it were a country.,TRUE,Half True,TRUE
The U.S. has more oil rigs than the rest of the world combined.,TRUE,Mostly True,Mostly True
Payday lenders charge 1 000 %+ interest to poor borrowers.,TRUE,FALSE,FALSE
"The Social Security trust fund is sound until 2038, then 80 % payout.",TRUE,TRUE,TRUE
The only OH incumbent who broke his tax pledge lost re-election.,TRUE,Mostly True,Mostly True
Obama administration shut down Amber Alert during government shutdown.,TRUE,FALSE,FALSE
Republicans have 2 % of the Muslim vote.,TRUE,TRUE,TRUE
The U.S. has the highest percentage of population in prison.,TRUE,TRUE,TRUE
Giffords told Petraeus to stab enemies for climate change.,TRUE,FALSE,FALSE
41 GOP senators blocked wage hike but will get $2 800 COLA.,TRUE,Mostly True,Mostly True
José is the #1 male baby name in Texas.,TRUE,TRUE,TRUE
Marco Rubio voted against Syria strike authorization.,TRUE,TRUE,TRUE
"Under Cash for Clunkers, tow car home and get $4 500.",TRUE,FALSE,FALSE
Not one Republican recognizes climate change is real.,TRUE,Mostly True,FALSE
Most new income goes to the top 1 %.,TRUE,TRUE,TRUE
David Dewhurst promoted an income tax for Texas.,TRUE,FALSE,FALSE
Beaches at Point Pleasant Beach are private.,TRUE,TRUE,TRUE
20 % of Americans changed their mind on the Afghanistan war.,TRUE,Mostly True,Mostly True
"28,000 people killed along the U.S.–Mexico border in last five years.",TRUE,FALSE,FALSE
Ohio has one of the lowest unemployment rates and leads job growth.,TRUE,Half True,Half True
Obamacare denies millions access to affordable insurance.,TRUE,FALSE,FALSE
HB2 didn’t affect North Carolina’s economy at all.,TRUE,FALSE,FALSE
30 % of federal prisoners are illegal immigrants.,TRUE,FALSE,FALSE
Rick Scott said education is not a core function of the state.,TRUE,FALSE,FALSE
Family Research Council labeled a terrorist group by government.,TRUE,FALSE,FALSE
"Jim Weidner proposed to cut health care for 80,000 Oregon children.",TRUE,Mostly True,Mostly True
Tom Kean had the largest gubernatorial election margin in NJ history (1985).,TRUE,TRUE,TRUE
Obamacare is the biggest tax increase in American history.,TRUE,FALSE,FALSE
“You said Obama wasn’t ready to be commander-in-chief.”,TRUE,Mostly True,Mostly True
Median male worker hasn’t had a real raise in 30 years.,TRUE,Mostly True,Mostly True
Tom Barrett held the line on property taxes.,TRUE,Mostly True,Mostly True
Only House member with most funds from < $200 donations.,TRUE,FALSE,FALSE
Over 80 % of GA bills had bipartisan support.,TRUE,Mostly True,Mostly True
Josh Mandel lying: Ohio investment fund rating unchanged.,TRUE,Mostly True,Mostly True
"Rick Scott took $200 K from drilling family, now hiding.",TRUE,Half True,Half True
"On Ohio Turnpike lease, claim on fund use.",TRUE,Half True,Half True
Bush: From $200 B surplus to $1 T deficit.,TRUE,Mostly True,Mostly True
"Obama: 1,540 nominations confirmed, 4 defeated.",TRUE,TRUE,TRUE
Taxpayers funded Rauf’s Middle East trip.,TRUE,Mostly True,Mostly True
Milwaukee paid $370 K in lakefront patrol lawsuit.,TRUE,TRUE,TRUE
DOJ policy bars Comey from pre-election disclosures.,TRUE,Mostly True,Mostly True
Democratic presidents “have been considerably more effective at creating private-sector jobs.”,TRUE,Pants on Fire,Half True
Joe Biden “voted against the first Gulf War. He opposed the surge. He wanted to partition Iraq.”,TRUE,Half True,Half True
Rush Limbaugh “made it clear he’d rather see the country fail than Obama succeed.”,TRUE,Mostly False,Mostly False
Military recruiting went on at Harvard “every single day” while Kagan was dean.,TRUE,FALSE,FALSE
"Under Rick Perry’s plan, Texas cut school funding by 25 %.",TRUE,FALSE,FALSE
David Perdue wants to abolish Dept. of Education; Georgia would lose $1 B & millions in loans.,TRUE,Mostly False,Mostly False
The Paul Ryan budget would privatize Medicare.,TRUE,Half True,Half True
Students arrested at school twice as likely not to graduate; 4× if in court.,TRUE,FALSE,FALSE
The United States imprisons more people than any nation in the world.,TRUE,Mostly True,TRUE
Says Marco Rubio is “the one for an open border.”,TRUE,FALSE,FALSE
"Federal education spending up 375 % over 30 yrs, scores flat.",TRUE,Mostly False,Mostly False
Cuts to Medicare affect people who have already paid in – “We paid for it.”,TRUE,Mostly True,Mostly True
"David Alameel donated thousands to Republicans (Cornyn, Abbott).",TRUE,Half True,Half True
U.S. health care burns 18 % of GDP – nobody else close.,TRUE,Mostly True,Mostly True
Providence port is 200 miles closer to Europe than any other Eastern port.,TRUE,FALSE,FALSE
Photo ID required to buy Sudafed in Texas.,TRUE,Mostly False,TRUE
20 % of Portland’s Pearl District housing is affordable.,TRUE,Mostly True,Half True
Letting payroll tax holiday expire costs 900 K jobs in 2012.,TRUE,Pants on Fire,FALSE
Hillary Clinton backed NAFTA & China trade; PA lost thousands of jobs.,TRUE,Half True,Half True
Right-to-work laws don’t generate jobs or growth.,TRUE,Pants on Fire,Mostly True
Obama’s budget would raise debt to 80 % of GNP; historical avg = 40 %.,TRUE,Mostly True,Mostly True
"Hillary Clinton said VA scandal was over-exaggerated, satisfied with what’s going on.",TRUE,FALSE,FALSE
Health-care costs now lowest in 50 years.,TRUE,FALSE,FALSE
Obama called Christmas bomber an “isolated extremist.”,TRUE,TRUE,TRUE
"Sherrod Brown: Stimulus failed, now says didn’t cut taxes enough.",TRUE,FALSE,FALSE
1950s top tax rate was 90 %.,TRUE,TRUE,TRUE
Charleston shooter got gun because background check was too slow.,TRUE,TRUE,TRUE
65 % of Iraqis say it’s okay to shoot a U.S. soldier.,TRUE,Mostly False,Mostly False
12 judges threw out challenges to ACA as unconstitutional.,TRUE,Mostly True,Mostly True
Christie’s second tax cut mainly benefits the rich.,TRUE,Half True,Half True
Warren (Buffett) still does support me,TRUE,FALSE,FALSE
LeMieux voted for Obama’s jobs bill,TRUE,TRUE,TRUE
"7 voters, 900 votes in Guatemalan precinct",TRUE,FALSE,FALSE
230 000 off unemployment since taking office,TRUE,Mostly True,Mostly True
Sebelius decided fate of lung patient,TRUE,FALSE,FALSE
Ron Klein voted for amnesty,TRUE,Mostly False,Mostly False
Law enforcement gets ACA Data Hub info,TRUE,FALSE,FALSE
Houston crime lowest in 25 years under mayor,TRUE,TRUE,TRUE
Obama Columbia ID as foreign student,TRUE,Pants On Fire,Pants on Fire
"McCain: get second job, skip vacation",TRUE,Mostly False,Mostly False
"Clinton Foundation: male staff $218 K avg, female $153 K avg (2010-2014)",TRUE,Half True,Half True
"Since VAWA 1994, domestic-violence cases fell 67 %",TRUE,Mostly True,Mostly True
Federal law enforcement gave underwear bomber Miranda warning after 30 min,TRUE,Mostly False,Mostly False
“Legalizing illegal immigrants.” (fragment),TRUE,Half True,Mostly False
Nearly half of U.S. pregnancies are unintended,TRUE,TRUE,TRUE
“We are borrowing Saudi money for Saudi oil.”,TRUE,Mostly False,Mostly False
Homes for sale around Oswego Lake under $150 K open to anyone,TRUE,Mostly False,Mostly False
"Since president took office: -3.3 M private jobs, +590 K public",TRUE,Mostly False,Mostly False
Top 1 % pay over half of the country’s revenue,TRUE,Mostly False,Mostly False
Property tax savings over 4 years = $816,TRUE,Mostly False,Mostly False
Chris Christie has not increased taxes on anyone,TRUE,Mostly False,Mostly False
The U.S. does not have a system for growers/dairies to legally bring workforce into U.S.,TRUE,FALSE,FALSE
“He never said he’d keep education funding the same.”,TRUE,Mostly False,Mostly False
"Since 1978, college tuition has gone up ~4× inflation",TRUE,Mostly True,Mostly True
Sen. Rob Portman said “it would be irresponsible not to cut Medicare.”,TRUE,TRUE,Mostly False
Most/all DeKalb school construction projects came in on or under budget,TRUE,Mostly False,Mostly False
Palin supported Pat Buchanan for president in 2000,TRUE,FALSE,FALSE
Sen. Sherrod Brown voted to block energy production & raise energy taxes,TRUE,Mostly False,Mostly False
Sen. Jeanne Shaheen voted for a measure that would amount to a national energy tax,TRUE,Mostly False,Mostly False
DC had strict gun laws; violence skyrocketed after,TRUE,Half True,Half True
7 presidents before Obama tried to expand health care,TRUE,Mostly True,Mostly True
Glenn Grothman said women belong at home,TRUE,Mostly False,Mostly False
"Buffett Rule: $47 B = 611,000 jobs",TRUE,Half True,Half True
Group of baboons = Congress,TRUE,Pants On Fire,Pants on Fire
Predatory loans targeted Black/Latino communities,TRUE,FALSE,TRUE
Texas gained 1.4 M jobs since 2007; rest lost 400 K,TRUE,Mostly True,Mostly True
ACA made hiring harder due to cost,TRUE,Half True,Half True
CBO said Obamacare will kill 800 000 jobs,TRUE,Half True,Half True
Thompson voted against $250k damage caps etc.,TRUE,Mostly True,Mostly True
TX has more reserve money than other 49 states,TRUE,Mostly True,FALSE
On using the Strategic Petroleum Reserve,TRUE,Half True,Mostly False
Immigrants are more fertile,TRUE,Mostly True,Mostly True
Proposed education changes won’t cut teacher pay,TRUE,Mostly False,Mostly False
MA uninsured rate ≈ same since 2006 mandates,TRUE,FALSE,FALSE
Firearms homicides down 40 % since TX gun law,TRUE,Half True,Half True
90 % of women opt out after ultrasound,TRUE,FALSE,FALSE
“We spend less on defense today as % of GDP than at any time since Pearl Harbor.”,TRUE,Mostly True,Mostly True
“If you got rid of the income tax today you’d have about as much revenue as 10 years ago.”,TRUE,FALSE,FALSE
"“Scott Walker wants to ban common forms of birth control, including the pill.”",TRUE,Mostly True,Mostly True
“Jason Kander supports Obama’s plan to bring suspected terrorists to U.S. soil.”,TRUE,FALSE,FALSE
“Shelby County donated … 44 schools to Memphis.”,TRUE,Mostly False,Mostly False
“Top U.S. intelligence officials warned Congress ‘we’re about to be attacked from Syria/Iraq.’”,TRUE,Mostly False,Mostly False
“Have the suburbs been inundated with former residents of Atlanta housing projects? Absolutely not.”,TRUE,Mostly False,Mostly False
“In July 1996 Mitt Romney helped locate the missing teen daughter of a partner at Bain Capital.”,TRUE,Half True,Half True
“Blames Mike McIntyre and Nancy Pelosi for no COLA increase for Social Security.”,TRUE,Mostly False,Mostly False
“Government can access your bank account under the health care bill without you knowing.”,TRUE,FALSE,FALSE
There are mechanisms in place to shut down the Internet privately,TRUE,Mostly True,Mostly True
"Rep. Paul Ryan’s Medicare plan lines pockets of insurers, raises costs for seniors, and doesn’t reduce deficits",TRUE,Mostly True,Mostly True
“This year in Congress Connie Mack IV missed almost half his votes.”,TRUE,Mostly False,Mostly False
"One-third of kids drop out, can’t go to college or start career",TRUE,Mostly False,Mostly False
Not even Gen. Eisenhower saluted military personnel as president,TRUE,Mostly False,Mostly False
"If Wisconsin’s governor cuts perks as planned, public workers still better off than private sector",TRUE,Mostly False,Mostly False
"“You can’t get on an airplane, but more than 2,000 people on that list have been able to buy a gun.”",TRUE,Mostly False,Mostly False
“74 percent of Republicans support the Affordable Care Act.”,TRUE,FALSE,FALSE
"“For every $1 spent on after-school programs, we save $5–$6 in crime costs.”",TRUE,Mostly False,Mostly False
"“The federal government has $3 trillion in cash flow, so we can pay our bills and won’t default.”",TRUE,TRUE,FALSE
“Alex Sink failed Florida homeowners by using predatory lending practices.”,TRUE,Half True,Mostly False
“Over 40 % of small and mid-size banks that loan to small businesses were wiped out since Dodd-Frank.”,TRUE,Mostly False,Mostly False
“You can’t check out a library book without a photo ID.”,TRUE,Mostly False,Mostly False
“Starbucks removed ‘Christmas’ from their cups.”,TRUE,Mostly False,Mostly False
“Atmospheric conditions can push a football’s pressure down ~ 1.5 psi.”,TRUE,Mostly False,TRUE
"“Hillary Clinton supports unlimited abortion up to birth, including taxpayer funding.”",TRUE,FALSE,FALSE
"Under legislation cleared the Georgia House, legal refugees could get state scholarships to private schools",TRUE,TRUE,TRUE
We went from losing 3 million jobs under Bush (last 6 months) to adding ~600 000 private-sector jobs early in the year,TRUE,Half True,Mostly False
The STAR Ohio fund just received the highest possible credit rating,TRUE,TRUE,TRUE
Taxpayers are on the hook for less than a third of new Atlanta Falcons stadium; funds repaid from outsiders,TRUE,Mostly False,Mostly False
"In last 22 months, businesses created > 3 million jobs; last year highest since 2005",TRUE,Mostly False,Mostly False
"Every year, more than $40 million leave Missouri for Texas",TRUE,Mostly False,Mostly False
A college loan is the only loan you cannot refinance when rates go down,TRUE,Mostly False,Mostly False
The House has never passed a resolution of disapproval to condemn a member’s behavior,TRUE,Mostly False,Mostly False
We are younger than competitors entirely because of immigration,TRUE,FALSE,FALSE
International reports show U.S. near bottom among industrialized nations in K-12 achievement,TRUE,Mostly False,Mostly False
"Says 24 million can’t find full-time work, 50 million can’t see a doctor, 47 million need food aid, 15 million owe more than home value",TRUE,Mostly False,Mostly False
Clinton policy mistakes led in large part to mass incarceration,TRUE,FALSE,Mostly False
He raised average family income by 50 % as Arkansas governor,TRUE,Mostly False,Mostly False
They tried to give $400 million for a high-speed train that goes 39 mph,TRUE,FALSE,FALSE
CBO estimated fully extending Bush tax cuts would add 600k–1.4 M jobs in 2011 and 900k–2.7 M in 2012,TRUE,Mostly False,Mostly False
Reagan raised the debt ceiling 18 times; Bush did it 7 times,TRUE,Mostly True,Mostly True
Average American pays ~22 % federal tax; richest 400 pay ~16 %,TRUE,FALSE,FALSE
Most young Americans right now are not covered by health insurance,TRUE,FALSE,FALSE
"In 1952, corporate income tax was ~33 % of federal revenue; today < 9 %",TRUE,FALSE,Mostly True
"Over last 10 years, Texas created 33 % of net new U.S. jobs",TRUE,TRUE,TRUE
Two-thirds of groups targeted for IRS scrutiny were not conservative,TRUE,Half True,Half True
"In 1968 class at Patrice Lumumba University, Abbas and Khamenei were classmates with Putin",TRUE,FALSE,FALSE
"Texas SBOE, led by Perry appointee, voted to remove Thomas Jefferson from standards",TRUE,Half True,Half True
"Bernie Sanders, in top 1 % income bracket, paid only 13 % taxes last year",TRUE,Mostly False,Mostly False
It would take one year to pull out 160 000 troops from Iraq,TRUE,Mostly False,Mostly False
2013-2015: richest 14 Americans gained $157 B; GOP budget asks none to contribute,TRUE,Mostly True,Mostly True
"While Foster was mayor, Kriseman was ineffective — no legislation passed with his name",TRUE,Mostly False,Mostly False
Texas routinely gets much more federal spending than it pays in taxes,TRUE,Mostly True,Mostly True
Cell phone numbers go public this month,TRUE,Mostly True,FALSE
"City of Milwaukee offered $12 M savings in 2011 contract, $184 M over 25 years",TRUE,Mostly False,Mostly False
Clackamas County Commissioners approved a re-negotiated agreement to lower the county’s contribution to TriMet’s Portland-Milwaukie Light Rail project to $19.9 million (from $25 million).,TRUE,TRUE,TRUE
Texas has 11 different felonies you can commit with an oyster.,TRUE,Mostly True,Mostly True
The Obama administration is “unwinding” welfare-to-work requirements.,TRUE,Mostly False,Mostly False
"Electric car sales in Georgia dropped dramatically after a $5,000 tax credit was eliminated and a $200 annual fee imposed July 1.",TRUE,TRUE,TRUE
The Redskins Training Camp deal generated $40 million in new private investment in Richmond.,TRUE,Half True,Half True
The GOP budget plan would cut nearly a million jobs.,TRUE,Pants on Fire,Half True
There are more people living in this country who were not born here than at any time in U.S. history.,TRUE,FALSE,TRUE
Hillary Clinton defended Syria’s President Assad as a “possible reformer” at the start of the civil war.,TRUE,Half True,Half True
The Postal Service’s financial losses result from a 2006 law that drains $5 B a year and forces billions in overpayments.,TRUE,Half True,Mostly True
As many as six federal department budget bills were delayed over amendments banning Confederate flag sales in federal gift shops.,TRUE,TRUE,TRUE
Clackamas County Commissioners approved a re-negotiated agreement to lower the county’s contribution to TriMet from $25M to $19.9M,TRUE,FALSE,Mostly False
Texas has 11 different felonies you can commit with an oyster,TRUE,Mostly True,Mostly True
The Obama administration is unwinding our nation’s welfare-to-work requirements,TRUE,Mostly False,Mostly False
"Electric car sales in Georgia dropped dramatically after a $5,000 credit elimination and $200 registration fee",TRUE,Mostly True,Mostly True
The Redskins Training Camp deal generated $40 million in new private investment in the city,TRUE,Mostly False,Mostly False
The GOP budget plan would cut nearly a million jobs,TRUE,Mostly False,Mostly False
There are more people living in the U.S. who were not born here than at any time in history,TRUE,Mostly True,TRUE
Hillary Clinton defended Assad as a possible reformer early in Syria’s conflict,TRUE,Half True,Half True
Postal Service financial losses stem from a 2006 law requiring $5B annual drainage and overpayments,TRUE,Mostly True,Mostly True
Up to six federal department budget bills delayed by opposition to amendments banning Confederate flag sales in federal gift shops,TRUE,Mostly False,Mostly False
"Since Rick Perry became governor, Texas has gone from 46th to 50th in high school graduation ranking",TRUE,Mostly True,Mostly True
Says Amanda Fritz manages less than 5 percent of city operations,TRUE,Mostly False,Mostly False
The streetcar project planned by Mayor Tom Barrett would be a 1900s-style trolley,TRUE,Pants on Fire,Mostly False
"Americans, in last 30 years, have more than doubled money spent per child on education, with worse results",TRUE,FALSE,Mostly True
Polls show Floridians don’t want to repeal the ACA,TRUE,Pants on Fire,Half True
Bill Pascrell voted to remove the public option,TRUE,FALSE,FALSE
Lawmakers were paid for off-season efforts to lead redistricting for two cities,TRUE,Mostly False,Mostly False
Greg Abbott and surrogates have referred to rape/incest victims as though their cases are minor issues,TRUE,Mostly False,Mostly False
On offshore drilling for energy,TRUE,Mostly False,Mostly False
"Under a proposed Florida medical marijuana amendment, you don’t get refills — you get it forever",TRUE,FALSE,Mostly False
A microchip would be implanted in most people opting for the public health care option,TRUE,FALSE,FALSE
Clackamas County approved an agreement to lower its contribution to TriMet from $25M to $19.9M,TRUE,Mostly False,Mostly False
Texas has 11 different felonies you can commit with an oyster,TRUE,Mostly True,Mostly False
Obama administration is unwinding welfare-to-work requirements,TRUE,Mostly False,Mostly False
"Electric car sales in Georgia dropped dramatically after the $5,000 credit removal and $200 registration fee",TRUE,Mostly True,Mostly True
Redskins Training Camp deal generated $40 million in new private investment in the city,TRUE,Mostly False,Mostly False
The GOP budget plan would cut nearly a million jobs,TRUE,Mostly False,Mostly False
More people in the U.S. now were not born here than ever before,TRUE,Mostly True,TRUE
Hillary Clinton defended Assad as a possible reformer early in the conflict,TRUE,Half True,Half True
Postal Service financial losses result from a 2006 law requiring $5B annual prefunding and overpayments,TRUE,Mostly True,Mostly True
As many as six federal department budget bills delayed by opposition to Confederate flag sales ban in federal gift shops,TRUE,Pants on Fire,Mostly False
"Since Rick Perry became governor, Texas has gone from 46th to 50th in high-school graduation ranking",TRUE,Mostly True,Mostly True
Says Amanda Fritz manages less than 5 percent of city operations,TRUE,Mostly False,Mostly False
The streetcar project planned by Mayor Tom Barrett would be a 1900s-style trolley,TRUE,Mostly False,Mostly False
Americans in last 30 years have more than doubled money spent per child on education with worse results,TRUE,Mostly True,Mostly True
Polls show Floridians don’t want to repeal the ACA,TRUE,Half True,Half True
Bill Pascrell voted to remove the public option,TRUE,FALSE,FALSE
Lawmakers were paid for off-season efforts to lead redistricting for two cities,TRUE,Mostly False,Mostly False
Greg Abbott and surrogates have referred to rape/incest victims as minor issues,TRUE,Mostly False,Mostly False
On offshore drilling for energy,TRUE,Mostly False,Mostly False
"Under a proposed Florida medical marijuana amendment, you don’t get refills — you get it forever",TRUE,Mostly False,Mostly False
A microchip would be implanted in most people opting for the public health care option,TRUE,FALSE,FALSE
"“At his current rate, President Obama will have added more debt … in his first term than each of the previous 43 presidents combined.”",TRUE,Mostly False,FALSE
“We know that Saudi Arabia started al-Qaida.”,TRUE,FALSE,FALSE
“Williamson County Attorney Jana Duty has never prosecuted a single adult felony case.”,TRUE,TRUE,TRUE
"“The fundraising numbers are in, and our grassroots support is unmatched!”",TRUE,Mostly False,Mostly False
“Issue 2 makes it illegal for us to negotiate for enough firefighters to do the job.”,TRUE,Mostly False,Mostly False
"“Although the unemployment rate seems to be improving, it does not reflect real job creation — it’s caused by a shrinking labor force.”",TRUE,Half True,Half True
“Gov. Scott Walker hired convicted Assembly Speaker Scott Jensen to oversee a raid on the state employee retirement system …”,TRUE,Mostly False,Mostly False
“Obama voted ‘to cut off funding for our American troops on the battlefield.’”,TRUE,Mostly False,Mostly False
“Wisconsin’s right-to-work bill would likely apply to the Green Bay Packers players and their union.”,TRUE,Mostly False,Mostly False
“The so-called defense minister of the People’s Republic of Donetsk … posted a bragging message about shooting down a transport then deleted it when it was civilian.”,TRUE,Mostly False,Mostly False
“Wisconsin’s right-to-work bill would likely apply to the Green Bay Packers players and their union.” (dup validation),TRUE,Mostly False,Mostly False
Democrats are “falling over each other” to raise taxes 20–30 %,TRUE,FALSE,FALSE
Leisure & Hospitality is one of the highest job-growth sectors; mostly bars/restaurants with low pay and low share earning minimum/subminimum wage,TRUE,Mostly True,Mostly True
"Gov. Scott Walker bought 80 new, brand-new vehicles for the state that “we probably don’t need”",TRUE,Mostly False,Mostly False
"“He passed eight measures, including ones to prevent groping at airport security and to bar sanctuary cities in Texas.”",TRUE,FALSE,Half True
Average federal worker now makes twice as much as average private-sector worker,TRUE,Mostly False,Mostly False
These 15 appointees (on IPAB) will make all major health care decisions for over 300 million Americans,TRUE,FALSE,FALSE
Stores will be barred from selling 100-watt light bulbs as of 2012,FALSE,Mostly False,Mostly False
"“Before our last three presidents, you must go back to the early 1800s to find three presidents in a row being consecutively re-elected.”",FALSE,Half True,FALSE
Jason Carter supports using Georgia tax dollars to promote Obamacare.,FALSE,Mostly False,Mostly False
"“The most recent Associated Press poll has Nader-Gonzalez at 6 %, without any national coverage, against McCain and Obama.”",FALSE,Mostly False,Mostly False
"Dan Patrick said that if women get paid less than men for the same job, “that’s not a problem.”",FALSE,Mostly False,Mostly False
"“We’ve got an average of 5,600 soldiers committing suicide. That’s about 20 a day.”",FALSE,FALSE,FALSE
“Master Locks unionized plant in Milwaukee is running at full capacity for first time in 15 years.”,FALSE,Mostly False,Mostly False
Tom Reed “has actually voted for every single trade deal that has ever come before him in any form.”,FALSE,Pants on Fire,TRUE
“New federal projections estimate that the health-care overhaul will cost $1.76 trillion over 10 years — well above the $940 billion Democrats originally claimed.”,FALSE,Mostly True,Mostly False
Donald Payne and Frank Pallone are “socialists openly serving in U.S. Congress.”,FALSE,FALSE,FALSE
“The unemployment rate may be as high as 42 %.”,FALSE,FALSE,FALSE
“Common Core is not from the federal government; they do not have their fingerprints on this thing at all.”,FALSE,Mostly False,Mostly False
“Social Security is indeed a Ponzi scheme.”,FALSE,FALSE,FALSE
"Scott Walker “brags … about having an independent agency investigate police shootings. Of course, he didn’t fund it.”",FALSE,Mostly False,Mostly False
“What the Arizona law does is make a state crime out of something that already is a federal crime.”,FALSE,Half True,Half True
"“When the country was founded, Congress had exactly the same attitude … about the sanctity of Christmas celebrations that a 7-Eleven does today: Yeah, we’re open.”",FALSE,FALSE,FALSE
"“In Miami-Dade County, we spend over $20 million every year educating recent immigrants.”",FALSE,Mostly False,Mostly False
“The omnibus bill has only $3.8 billion in earmarks.”,FALSE,Mostly False,Mostly False
“Trump proposed enacting the largest tax increase in American history.”,FALSE,Mostly False,Mostly False
"“Senator McCain has been talking tough about earmarks, and earmarks account for about $18 billion of our budget.”",FALSE,Half True,Half True
“Kim Myers voted repeatedly to raise taxes on Broome County people but made millions off tax savings when her family relocated its HQ.”,FALSE,Mostly False,Mostly False
“California’s Prop 60 (requiring condom use in adult films) would put adult film workers at risk of lawsuits and harassment.”,FALSE,Mostly True,Mostly True
“We pay among the highest tolls in the nation for crossing that bridge.”,FALSE,Mostly False,Mostly False
"“Senators Isakson’s and Chambliss’s votes against unemployment insurance killed nearly 6,000 Georgia jobs.”",FALSE,Mostly False,Mostly False
“Real estate taxes were put in place to pay for Obamacare.”,FALSE,FALSE,FALSE
“Unemployment has run near 12 % or more for the last four years and the Legislature hasn’t done much to lower it.”,FALSE,FALSE,FALSE
“Kay Bailey Hutchison voted for sanctuary cities.”,FALSE,FALSE,FALSE
“John Mica voted to borrow $10 trillion.”,FALSE,Half True,Half True
“Mary Burke told reporters she would have required workers to give up bargained-for healthcare and retirement benefits like Gov. Walker.”,FALSE,Mostly False,Mostly False
“McCain hired some of the biggest lobbyists in Washington to run his campaign.”,FALSE,Mostly False,Mostly False
“We do not want to raise anybody’s tax rates. That’s never been on the table.”,FALSE,Mostly False,Mostly False
"“When terrorists killed more than 250 Americans in Lebanon under Reagan, Democrats didn’t make that a partisan issue.”",FALSE,Half True,Half True
"“This is the first time a party has picked up multiple seats during a regular election since the mid-1980s, making this the largest majority in 25 years.”",FALSE,Mostly False,Mostly False
“John wasn’t this raging populist four years ago when he ran for president.”,FALSE,Mostly False,Mostly False
House Republicans who complained they didn’t have enough time to consider a constitutional ban against oil drilling shoved through a proposal in just a few days to open state waters to oil drilling.,FALSE,Mostly True,TRUE
Says no one from the Bush family attended the 2012 Republican National Convention and there was no President Bush at the 2008 convention.,FALSE,FALSE,FALSE
Crime is rising.,FALSE,FALSE,Mostly False
"(Flint, Mich., is) paying three times more for poison water than I am paying in Burlington, Vt., for clean water.",FALSE,TRUE,Half True
We’ve got a personal tax system that’s so complicated it costs Americans about $500 billion a year to comply with the current tax code.,FALSE,Mostly True,Mostly True
"(Texas Republicans) believe in abolishing Social Security, abolishing V.A. health care.",FALSE,Mostly False,Mostly False
The bulk of people shot (not in gang violence) are shot with their own weapon.,FALSE,FALSE,FALSE
Bush administration gave GM money “without asking for any conditions of change.”,FALSE,FALSE,FALSE
"URI faculty salaries 2nd lowest among NE land-grant schools, bottom 20% US research.",FALSE,TRUE,TRUE
"Rep. Carlos Curbelo supports offshore drilling, voted against Obama on climate.",FALSE,Pants on Fire,Mostly True
Obama campaign refused to disclose donors amid foreign money suspicion.,FALSE,FALSE,FALSE
Oregon only state paying 100% medical benefits for workers & families.,FALSE,FALSE,FALSE
Rand Paul still “shopping for his billionaire” to fund super PAC.,FALSE,Mostly False,Mostly True
Trump collected $150K in 9/11 relief funds after saying his buildings weren’t affected.,FALSE,Mostly True,Mostly True
"“Three years ago, a newly elected President Obama told America that if Congress approved his plan to borrow nearly a trillion dollars, he would hold unemployment below 8 percent.”",FALSE,FALSE,FALSE
“An independent payment advisory board created by the health care reform law is like a Medicare IRS with the power to cut Medicare in order to pay for new government programs.”,FALSE,FALSE,FALSE
“The Mitchell Park Domes lose about $1 million-plus every year and the number of people going to the Domes has been going down.”,FALSE,TRUE,TRUE
"“Under a bill before the legislature, you’d have to go to court to fire an employee.”",FALSE,FALSE,FALSE
“There is little if any evidence that the use of red-light cameras in New Jersey has reduced the number or severity of accidents at the intersections where they are used.”,FALSE,TRUE,TRUE
"“Says nearly 29,000 Oregonians — almost 5 percent of all homeowners — are 90 days or more delinquent on their mortgage.”",FALSE,Mostly False,TRUE
"“Under the Hate Crimes bill, ‘any pastor, preacher, priest, rabbi or imam who gives a sermon out of their moral traditions about sexual practices could be found guilty of a federal crime.’”",FALSE,FALSE,FALSE
“This is what President Obama said the jobless rate would be if we passed the stimulus: 5.6 percent.”,FALSE,FALSE,FALSE
“George Allen and his colleagues in the Senate turned the biggest surplus in the history of the United States into the biggest deficit in the history of the United States.”,FALSE,Mostly True,Mostly True
“Says President Obama has cracked down on employers who are attracting undocumented immigrants and hiring them more than any previous president.”,FALSE,Half True,Half True
“Says Newt Gingrich made an affirmative statement that he would not only support but he would campaign for Republicans who were in support of the barbaric procedure known as partial-birth abortion.”,FALSE,Mostly True,Mostly True
“U.S. global AIDS spending helped reduce political instability and violence by 40 percent in recipient nations.”,FALSE,Mostly False,Mostly False
"“State school funding per pupil is down 16 percent compared to 2009, after adjusting for inflation.”",FALSE,Mostly True,Mostly True
“Unemployment has fallen from 10 percent during the president’s first year in office to 8.5 percent today.”,FALSE,Half True,Half True
"“American voters remain steadfast in their support for immigration reform with a path to citizenship, with more than 70 percent who want to see reform passed this year.”",FALSE,TRUE,TRUE
“Any legislative action that is taken now could very well be rendered completely null and void by the decision of the Supreme Court expected this June.”,FALSE,FALSE,FALSE
“I’m the only (Republican) candidate that has actually reduced the size of government.”,FALSE,Mostly False,Mostly False
“After how hard you work … New York City ends up getting the money. I’m Chris Jacobs. I think it’s time we have someone in Albany that’s making sure our region gets our fair share.”,FALSE,Mostly False,Mostly False
“Amazing fact: Senate has already voted on more amendments in 2015 than Reid allowed ALL YEAR last year.”,FALSE,TRUE,TRUE
“Says state Supreme Court candidate Joe Donald twice supported incumbent Justice Rebecca Bradley.”,FALSE,TRUE,Mostly False
"“One out of every four students fails to earn a high school diploma. In our major cities across America, half of our kids don’t graduate.”",FALSE,Mostly False,Mostly False
“There were 36 states where Republicans who were in charge refused to implement a state (health insurance) exchange.”,FALSE,FALSE,FALSE
"“Says a tweet he sent out wasn’t saying, check out a sex tape. It was just ‘take a look at the background of Alicia Machado.’”",FALSE,Half True,Half True
“A photograph of 21-year-old Hillary Clinton featured a Confederate battle flag in the background.”,FALSE,FALSE,FALSE
“Texas leads the nation in the percentage of residents without health insurance.”,FALSE,TRUE,TRUE
“Mitt Romney is the first major party candidate for president of the United States in modern times not to release at least 12 years of tax returns.”,FALSE,Half True,Half True
“This administration and this Congress have been systematically cutting funding to border security since the Democrats took control.”,FALSE,FALSE,FALSE
“A new college tuition reciprocity agreement with Minnesota makes college education more affordable for Wisconsin residents.”,FALSE,TRUE,TRUE
“Says Cory Booker supports late-term and partial-birth abortion and opposes safety regulations.”,FALSE,FALSE,FALSE
"“In the month of July alone, EU exports to South Korea increased by over 36 percent. A lot of that is our market share. Those are our farmers and our service providers who are suffering.”",FALSE,TRUE,TRUE
"“Gov. Rick Perry spent over a million dollars on D.C. lobbyists asking for more federal money and lives in a luxury house that costs taxpayers $10,000 a month.”",FALSE,Mostly True,Mostly True
"“As Virginia lost over 65,000 jobs, (Tim Kaine put partisan ambitions first by serving as DNC chairman during the last year of his governorship.”",FALSE,Mostly False,Mostly False
“Says Ohio law gives tax breaks to rich people who own private jets.”,FALSE,FALSE,Mostly True
“Says Paul Ryan’s budget plan ends Medicare.”,FALSE,Mostly False,Mostly False
“Says New Hampshire has the third-highest property tax in the country.”,FALSE,FALSE,FALSE
“Obama’s tax plan cuts taxes ‘for 95 percent of all working families.’”,FALSE,TRUE,TRUE
“Says Colorado Democratic congressional candidate Morgan Carroll racked up $11 billion in new spending in the state Legislature.”,FALSE,Mostly False,Mostly False
“59 percent of Americans today believe that Barack Obama is still a Muslim.”,FALSE,Mostly False,FALSE
“Says a bill delaying the start of classes until Labor Day would permit school districts to shave 5 full weeks off the school year.”,FALSE,TRUE,TRUE
“Carol Shea-Porter wants to increase taxes on small business and job creators.”,FALSE,FALSE,FALSE
“99.97 percent of the kids live in poverty that attend Cleveland public schools.”,FALSE,Half True,Half True
"“John Kitzhaber created 128,000 new jobs while governor.”",FALSE,Half True,Half True
“Texas ranks 49th nationally in what we are doing to support our per-pupil investment in education in the state.”,FALSE,Mostly False,Mostly False
"“Despite keeping distance from national media interviewers, I did local press all along, the last three months.”",FALSE,Mostly False,Mostly False
"“What we said was, you can keep (your plan) if it hasn’t changed since the law passed.”",FALSE,FALSE,FALSE
"“In 2006, Bernie Sanders voted in the House with hard-line Republicans for indefinite detention for undocumented immigrants, and then he sided with those Republicans to stand with vigilantes known as Minutemen who were taking up outposts along the border to hunt down immigrants.”",FALSE,Mostly True,Mostly True
"“Says Florida didn’t offer special incentives to Deutsche Bank, which announced it will add 300 jobs in Florida.”",FALSE,FALSE,FALSE
“Says she was the first in her family to go to a four-year college.”,FALSE,FALSE,FALSE
"“There was a Gallup poll in Egypt last year, and 70 percent of Egyptians don’t want our money.”",FALSE,Half True,TRUE
“Americans spend 6.1 billion hours a year on tax preparation.”,FALSE,TRUE,TRUE
"“The truth … during my administration, the FBI’s crime statistics show that violent crime was reduced in Massachusetts by 7 percent.”",FALSE,Mostly True,Mostly False
“Scott Maddox has run losing campaigns for 3 of Florida’s 4 available cabinet positions.”,FALSE,TRUE,TRUE
"“We are now, for the first time ever, energy independent.”",FALSE,FALSE,FALSE
"“Last year, Exxon pocketed nearly $4.7 million every hour.”",FALSE,TRUE,TRUE
“AARP is ‘the largest reseller of insurance in the country’ and ‘has a vested interest in seeing the market for reselling supplemental insurance expands.’”,FALSE,Mostly True,Mostly True
“Medicare monthly premiums will go up to $104.20 in 2012 and $247.00 in 2014 due to provisions in Obamacare purposely delayed to avoid confusing the election.”,FALSE,FALSE,FALSE
"“Right now, 50 percent of Florida students leaving high school cannot read at grade level.”",FALSE,Mostly False,Mostly True
“You’re in more trouble if you leave your pet in the car than if you leave your child in the car.”,FALSE,Half True,Half True
“Sen. Marco Rubio voted against funding health clinics that provide critical care during this public health emergency (Zika).”,FALSE,Mostly False,Mostly False
“Says state Supreme Court candidate Peter Kilmartin voted in favor of expanding the good-behavior statute to sex offenders.”,FALSE,FALSE,FALSE
“On letting Occupy Atlanta protesters stay in Woodruff Park.”,FALSE,Mostly False,Mostly False
“What I have put forward does not add a penny to the debt.”,FALSE,Mostly True,FALSE
"“There are more African American men in prison, jail, on probation or parole than were enslaved in 1850.”",FALSE,TRUE,TRUE
"“In first week as governor, Tim Kaine proposed a nearly $4 billion tax increase … including on people earning $17 k a year.”",FALSE,Mostly False,Mostly False
"“On Lee Fisher’s watch, almost nine out of 10 jobs that Ohio lost were lost to other states, not to other countries.”",FALSE,Mostly False,Mostly False
“Every president has raised the debt ceiling.”,FALSE,TRUE,TRUE
“Limiting labor negotiations to only wages is how it is for the most part in the private sector.”,FALSE,Mostly False,Mostly False
"“Says on contraception, his plan is cheaper and easier for you than Mark Udall’s.”",FALSE,Mostly False,Mostly False
“The states have always defined marriage.”,FALSE,TRUE,TRUE
"“Families in Del Valle, who are City of Austin residents, have to drive to Bastrop to go to the closest grocery store.”",FALSE,Mostly True,Mostly True
"“John McCain opposed legislation to fund levees and flood control programs, which he considers pork.”",FALSE,TRUE,TRUE
"“Mitt Romney pledged to protect (oil companies’) record profits and their billions in special tax breaks, too.”",FALSE,Half True,Half True
“The FCC’s net neutrality policy includes what is essentially a massive tax increase.”,FALSE,FALSE,FALSE
“Mark Warner voted for nearly $1 trillion in new taxes and $7 trillion in new debt.”,FALSE,Mostly False,Mostly False
“State government spending will be increase 10.7 percent this year.”,FALSE,Mostly False,Mostly False
“The typical white male worker in this country is making in real terms what he was making in 1973 and the average worker is making what they were making in 1996.”,FALSE,Mostly False,Mostly False
"“A United Nations arms treaty would almost certainly force the U.S. to create an international gun registry, setting the stage for full-scale gun confiscation.”",FALSE,Pants on Fire,FALSE
“More people die from medical misadventures than firearm accidents nationally and in Florida.”,FALSE,Pants on Fire,FALSE
"“When we took office, let me remind you, there was virtually no international pressure on Iran.”",FALSE,Mostly False,Mostly False
“The minimum wage is mostly an entry-level wage for young people.”,FALSE,Mostly True,Mostly True
“Says six studies verify that the math adds up for Mitt Romney’s tax plan.”,FALSE,Mostly False,Mostly False
"“As governor, I’ve stood up to ... the big oil companies.”",FALSE,Mostly False,Mostly False
"“This year, we’re off to our best private-sector jobs growth since 1999.”",FALSE,TRUE,Mostly True
"“Says abortion doctors are flying into this state, performing abortions and flying out.”",FALSE,Mostly False,Mostly False
“Speaker Gingrich for 20 years supported a federal individual mandate for health insurance.”,FALSE,Mostly False,Mostly True
“There have been at least 100 shootings each year [Angel Taveras] has been mayor of Providence.”,FALSE,Mostly False,Mostly False
“Maurice Ferré says Kendrick Meek has voted 98.6 percent of the time with the Democratic Party.”,FALSE,Mostly False,Mostly False
“We’ve created more jobs in the United States than every other advanced economy combined since I came into office.”,FALSE,FALSE,FALSE
“One in four inmates is an illegal immigrant.”,FALSE,FALSE,FALSE
“The states have always defined marriage.”,FALSE,FALSE,TRUE
“Wisconsin is dead last in income growth among Midwestern states during Gov. Scott Walker’s term.”,FALSE,Mostly True,Mostly True
"“A three-cents-per-ounce soda tax in Philadelphia would result in the loss of 2,000 family-sustaining Teamster Union jobs and countless other jobs in the beverage industry.”",FALSE,FALSE,FALSE
“I have had the challenge during this administration to suspend no less than 37 public officials in about 36 months.”,FALSE,TRUE,Mostly False
“Kendrick Meek was #1 in Florida in taking tobacco cash and then opposed a tax on cigars that would have helped pay for children’s health care.”,FALSE,FALSE,Mostly False
"“Federal Reserve policies have led to a 69 percent rise in corn prices, 44 percent rise in wheat prices and 15 percent spike in sugar prices over the last year.”",FALSE,Mostly False,Mostly False
“On repeal of Wisconsin’s smoking ban.”,FALSE,Mostly False,Mostly False
“Ninety percent of Texans say they do not want the nursing homes to close. It polls higher than anything else.”,FALSE,Mostly False,Mostly False
"“For the first time ever, we completely funded the critical needs waiting list so persons with unique abilities can get the help they need.”",FALSE,Mostly False,Mostly False
"“Paul Ryan got his start in politics, as a young staffer just out of college, working for then-Congressman John Kasich’s Budget Committee.”",FALSE,Mostly False,Mostly False
“Race to the Top grants require participating states to adopt the Common Core standards as a condition for receiving federal funding.”,FALSE,FALSE,FALSE
“President Barack Obama … wiped away (a program) that allows for shared fingerprinting … so you know who is here legally and illegally.”,FALSE,Pants on Fire,Mostly False
"“John McCain sought the political support of minister John Hagee, who believes Hurricane Katrina was God’s punishment for gay rights and called the Catholic Church the Antichrist.”",FALSE,TRUE,TRUE
“Says 51 percent of federal tax filers paid zero federal income tax.”,FALSE,Half True,Mostly False
"“Since Wisconsin Gov. Scott Walker took office, we are losing jobs at rates not seen in decades.”",FALSE,FALSE,FALSE
“I would be the first Republican senator elected in New Jersey in 41 years.”,FALSE,TRUE,TRUE
“Wisconsin’s attorney general and state treasurer ordered the daughter of Earth Day founder Gaylord Nelson not to discuss climate change on state time.”,FALSE,Mostly False,Mostly False
"“Says unions take away hard-earned money of teachers, firefighters and police officers to play politics.”",FALSE,Mostly False,Mostly False
“President Bush never did one interview with the New York Times during his entire presidency.”,FALSE,FALSE,FALSE
"“14,000 Americans lose their health insurance every single day.”",FALSE,Mostly False,Mostly False
"“Mr. Trump is self-financing his campaign, so we don’t have any donors.”",FALSE,FALSE,FALSE
"“Nearly 2,000 high schools — roughly 12 percent of all secondary schools — produce about half of the nation’s dropouts.”",FALSE,Mostly False,Mostly False
"“Embryonic stem cell research is at a dead end, with no one good example of a successful treatment.”",FALSE,Mostly False,Mostly False
“The U.S. spends more money on its military than the 16 biggest military budgets in the world combined.”,FALSE,Half True,Mostly False
"“Wisconsin has only one county, Dane, that’s hand-counting the votes in the 2016 presidential recount.”",FALSE,FALSE,FALSE
“Says Libya Ambassador (Christopher) Stevens sent 600 requests for help in Benghazi.”,FALSE,Mostly False,Mostly False
“The Affordable Care Act is bringing the cost of health care in our country down.”,FALSE,Half True,Half True
“Tens of thousands of Atlanta households pay more than 30 percent of their income towards rent.”,FALSE,TRUE,TRUE
"“Rick Perry had planned to retire from the legislature until his best friend, David Weeks, and I talked him into switching parties and running for the GOP nomination for agriculture commissioner.”",FALSE,Mostly False,Mostly False
"“As the usage [of synthetic marijuana] has dramatically increased, instances of violence, bodily harm and even death have risen with it.”",FALSE,Mostly True,Mostly True
"“Out of 150,000 tenured teachers in the last 10 years, only 17 have been dismissed for incompetence.”",FALSE,Mostly False,Mostly False
“The Providence teacher contract is one of the longest in the country.”,FALSE,Mostly False,Mostly False
"“In 1929 the Secretary of State shut down a program collecting information to protect America, and that move led to millions of deaths in WWII.”",FALSE,Mostly False,Mostly False
“The debt accumulated in the last two years is more debt under this president than all those other presidents combined.”,FALSE,FALSE,FALSE
“The Chris Hani Baragwanath in South Africa is the world’s third-biggest hospital.”,FALSE,Mostly True,FALSE
“Annual precipitation has increased in Rhode Island by over 12 inches in the last century.”,FALSE,TRUE,TRUE
“Vietnamese is the third most commonly spoken language in Texas.”,FALSE,TRUE,TRUE
“The state budget proposal has been submitted on time and [it’s] the earliest that a governor has done so in over two decades.”,FALSE,Mostly False,Mostly False
“Ohio is not meeting its obligation to update voter registrations when voters change their address with the BMV.”,FALSE,Mostly False,Mostly False
"“What we have now is the most generous, in my opinion, good-time bill in the entire United States.”",FALSE,Mostly False,Mostly False
“There is no Plan B if the transportation referendum is not passed by voters.”,FALSE,Mostly False,Mostly False
“Barack Obama wrote a thesis at Columbia University in which he criticized ‘plutocratic thugs’ and said the Constitution gave Americans ‘the shackles of hypocrisy.’”,FALSE,FALSE,FALSE
"“You’ll find blacks in almost every regiment throughout the South who fought right alongside white Southerners, during the Civil War.”",FALSE,Half True,FALSE
“The most likely triggering cause of (microcephaly) is the DTaP shot … mandated by the Brazilian government for pregnant women.”,FALSE,FALSE,FALSE
“Our economy still has three people looking for every job (opening).”,FALSE,Mostly False,Mostly False
“Says she got unions to agree to about $10 million in reduction of salaries and health benefits while serving as Dane County executive in Wisconsin.”,FALSE,Mostly False,Mostly False
“Democrats have lost more than 900 state legislators since Barack Obama has been president.”,FALSE,FALSE,FALSE
“The state budget proposal has been submitted on time and the earliest that a governor has done so in over two decades.”,FALSE,Half True,Mostly False
"“Carly Fiorina, she’s against banning assault weapons.”",FALSE,FALSE,TRUE
"“Hillary’s baby bond proposal would give $5,000 to each of the 4-million babies born in the U.S. each year, totaling $20 billion per year, multiplied by four years = $80 billion.”",FALSE,Mostly True,Mostly True
"“Says her campaign platform includes the biggest investment in new, good-paying jobs since World War II.”",FALSE,Mostly False,Mostly False
“If Rhode Island does a hybrid [retirement] plan we’ll be the first state in the nation to do this.”,FALSE,TRUE,TRUE
"“Before the terrorist attacks in Benghazi, the State Department not only failed to honor repeated requests for additional security, but instead actually reduced security in Libya.”",FALSE,Mostly True,Mostly True
“Failure to raise the debt limit does not force a U.S. default on debt payments.”,FALSE,Half True,Half True
“Democrats in the Legislature in 2009 voted for various pork projects including a $5 million scoreboard for the Milwaukee Bucks.”,FALSE,FALSE,FALSE
Donald Trump defended World War II internment camps.,FALSE,Mostly False,Mostly False
Bill McCollum holds the same position on embryonic stem cell research as Barack Obama.,FALSE,TRUE,TRUE
"In 1999, the NRA leadership … were for expanded background checks.",FALSE,Mostly False,Mostly False
Turkey is an Arab country.,FALSE,FALSE,FALSE
The number of people in Atlanta dying from HIV and AIDS declined 59 percent between 2004 and 2012.,FALSE,TRUE,TRUE
Says Lee Leffingwell raised property taxes 20 percent in three years.,FALSE,Mostly False,Mostly False
Accuses President Barack Obama of making contradictory claims about efforts to kill Osama bin Laden in 2008 and 2011.,FALSE,TRUE,TRUE
"8 years of the Clintons, major losses for Democrats across the nation.",FALSE,Mostly False,Mostly False
92 percent of the jobs lost during Barack Obama’s first term belonged to women.,FALSE,FALSE,FALSE
Says President Barack Obama was responsible for the assassination of at least four American citizens in drone strikes.,FALSE,Mostly True,Mostly True
It used to be the policy of the Republican Party to get rid of the Department of Education. We finally get in charge and double its size.,FALSE,Half True,Mostly False
"The ACLU-NJ didn’t call for an investigation (of the Newark Police Department), they called for an immediate federal monitor.",FALSE,FALSE,FALSE
Says his executive order requiring young girls to be vaccinated against HPV wasn’t mandatory.,FALSE,FALSE,FALSE
Says a highway was closed in El Paso because of bullets flying across the border.,FALSE,TRUE,TRUE
"If the House fails to extend the middle-class tax cuts, 400,000 Rhode Island families will see taxes increase.",FALSE,Mostly False,Mostly False
95 percent of the income gains in the last few years have gone to the top 1 percent.,FALSE,TRUE,TRUE
"If you actually took the number of Muslim Americans, we’d be one of the largest Muslim countries in the world.",FALSE,FALSE,FALSE
On the pace that we're on with job creation in the last four months … we will have created more jobs this year than in the entire Bush Presidency.,FALSE,Half True,FALSE
"Says Nikita Khrushchev brought an extra shoe to a United Nations session in 1960, which he banged on the desk in protest.",FALSE,FALSE,FALSE
"Low-flow toilets can cost homeowners up to $1,000 each.",FALSE,Mostly True,Mostly True
Jim Renacci voted repeatedly to end Medicare.,FALSE,FALSE,FALSE
"Sen. Joe Lieberman’s home state has a public option which covers about 10,000 citizens, introduced by its Republican governor.",FALSE,Mostly False,Mostly False
Wind powers nearly 13 million homes across the country.,FALSE,FALSE,FALSE
Businesses pay roughly 60 percent of taxes in Texas.,FALSE,Mostly True,Mostly True
Health insurance companies pay CEOs $24 million a year.,FALSE,FALSE,Mostly False
Every president since Franklin Delano Roosevelt has had fast-track trade authority.,FALSE,FALSE,FALSE
Says Donald Trump wants to deport our Dreamers.,FALSE,TRUE,TRUE
Says Barack Obama is apparently not for vetting people and saying just anybody can come to the United States.,FALSE,Mostly False,FALSE
The majority of Americans are conservatives.,FALSE,FALSE,FALSE
Says a lawmaker seeks to defund Planned Parenthood for cutting children into small pieces.,FALSE,TRUE,TRUE
Obama has racked up more debt than any president in history — over $5 trillion.,FALSE,Mostly True,Mostly True
Says Arizona congressional candidate Ray Strauss is a “Champion of Big Government” for his votes to raise taxes while on the local city council.,FALSE,Mostly False,Mostly False
Says with Chris Christie and bipartisan reformers New Jersey had the most job growth in 11 years.,FALSE,FALSE,Mostly False
Says Oregon is near the top or at the top of the list when it comes to capital-gains tax.,FALSE,Mostly True,Mostly True
Says in 1944 we were in debt more than twice as much as we are now.,FALSE,FALSE,FALSE
Says Ronda Storms voted to fund the Taj Mahal courthouse.,FALSE,TRUE,TRUE
"In France, they have a (surveillance) program a thousand-fold more invasive than the United States.",FALSE,Mostly False,Mostly False
"One-half of undocumented workers pay federal income taxes, which means they are paying more federal income taxes than Donald Trump pays.",FALSE,Mostly False,Mostly False
Last week the Blue Chip Economic Indicators came out … Almost all of them are predicting a turnaround in the third quarter and positive growth in the fourth quarter.,FALSE,Mostly False,Mostly False
"Since the United States began negotiations with Iran, that’s probably the first year and a half in which Iran has not advanced its nuclear program in the last decade.",FALSE,Mostly False,Mostly False
Doctors could be charged if women don’t return for follow-up after abortion,FALSE,FALSE,FALSE
Veterans disability claims backlog doubled in Obama’s first term,FALSE,TRUE,TRUE
At least 40% of child pornography viewers molest children,FALSE,FALSE,FALSE
McCrory raised taxes 67 times on the middle class,FALSE,Mostly False,Mostly False
Romney adviser admits Romneycare was the Obamacare blueprint,FALSE,TRUE,TRUE
Texas voters face November constitutional property tax amendment,FALSE,TRUE,TRUE
Portlanders resist ballot measures with opposition,FALSE,TRUE,TRUE
NYT apologized to subscribers for bad Trump coverage,FALSE,FALSE,FALSE
Some businesses in Oregon are shrinking due to the law,FALSE,Half True,Half True
11 years without major hurricanes disproves climate change,FALSE,FALSE,FALSE
"U.S. spends most per capita on health care — 2.5× average, 175% more than Switzerland",FALSE,TRUE,TRUE
I have 2.5 million more votes than Sanders,FALSE,TRUE,TRUE
On abortion,FALSE,Mostly True,Mostly False
Congress gets full pension after one term,FALSE,FALSE,FALSE
Worked with Democratic legislature to balance spending and grow rainy-day fund to $2 B,FALSE,Mostly True,Mostly True
"1,270 infants died following attempted abortions in 2010",FALSE,FALSE,FALSE
No. 2 cause of death for U.S. women under 50 is domestic homicide,FALSE,FALSE,FALSE
"Everyone is working more, earning less, paying more",FALSE,Half True,Half True
Daylight saving time sleep loss can pose health risks,FALSE,TRUE,TRUE
David Perdue said he’d raise taxes,FALSE,FALSE,FALSE
First Latina to run for governor of Texas,FALSE,TRUE,TRUE
Every legislative district in the state has at least one craft brewery and countless home brewers,FALSE,TRUE,Mostly False
"Wisconsin’s criminal threshold for drunken-driving is way out of line with states surrounding us, which have the second offense as a felony",FALSE,FALSE,FALSE
"The poverty level in the Dallas school district is one of the highest in the country, higher than New York, Chicago, Los Angeles, Houston, Detroit and Newark",FALSE,Pants on Fire,FALSE
"In the last six months of the Bush administration, the U.S. lost 3.5 million jobs, including 760 000 jobs during January 2009 alone",FALSE,Mostly False,Mostly False
"In 2007, when Nancy Pelosi met with President Assad of Syria, nobody got upset",FALSE,FALSE,FALSE
"For the past eight years, Gov. Carcieri and Mrs. Carcieri would host the lighting of the State House Christmas tree",FALSE,Mostly False,Mostly False
Every legislative district in the state has at least one craft brewery and countless home brewers,FALSE,Mostly False,Mostly False
"Wisconsin’s criminal threshold for drunken-driving is way out of line with states surrounding us, which have the second offense as a felony",FALSE,FALSE,FALSE
"In Ohio, we invested in our children, raising school funding by 5.5 percent in the last budget",FALSE,FALSE,FALSE
"The poverty level in the Dallas school district is one of the highest in the country, higher than New York, Chicago, Los Angeles, Houston, Detroit and Newark",FALSE,Mostly False,Mostly False
"In the last six months of the Bush administration, the U.S. lost 3.5 million jobs, including 760 000 jobs during January 2009 alone",FALSE,Mostly False,Mostly False
"In 2007, when Nancy Pelosi met with President Assad of Syria, nobody got upset",FALSE,FALSE,FALSE
Rhode Island has the second-most heavily deployed National Guard in the United States,FALSE,Mostly True,Mostly True
Demond Means said the Milwaukee Public Schools “need to be gutted.”,FALSE,FALSE,FALSE
Scott Taylor has been convicted in at least four different courts across the country and had a warrant issued for arrest,FALSE,Mostly False,Mostly False
Nearly 90% of Travis County government races will be settled by the time of the Democratic primary,FALSE,Mostly False,Mostly True
"Mahatma Gandhi once said, “First they ignore you, then they laugh at you, then they fight you, then you win.”",FALSE,FALSE,FALSE
"Savings that I achieved helped fund cameras on the border. As a result, 21 500 arrests and 46 tons of narcotics were confiscated",FALSE,Half True,Half True
The American people will be appalled to learn the health care bill exempts congressional leadership and committee staff,FALSE,FALSE,FALSE
The number of Americans living at or below the poverty line is at its highest level since 1964,FALSE,FALSE,FALSE
The IRS will have the ability potentially to deny or delay health care,FALSE,Mostly True,Mostly False
Deregulation of the state’s telecommunications industry will create 50 000 jobs in Wisconsin,FALSE,Mostly False,Mostly False
We admit about 100 000 permanent immigrants from the Middle East every year,FALSE,FALSE,FALSE
Paid family leave is standard in all but five nations around the world,FALSE,Mostly False,Mostly False
Nearly 14 000 Wisconsinites have lost their job since Governor Walker and Republicans took over in January,FALSE,Mostly False,Mostly False
"In the last 20 years, the French have not stood by the United States on foreign policy",FALSE,FALSE,FALSE
"For the average middle-class family, your taxes today are lower than when I took office",FALSE,FALSE,FALSE
There’s more than 100 000 people working at the Department of Agriculture. That’s 1 employee for every 30 farmers,FALSE,Mostly False,Mostly False
Attorney General Loretta Lynch was a member of Bill Clinton’s defense team during the 1992 Whitewater probe,FALSE,FALSE,FALSE
"Thousands at a Manhattan rally for Donald Trump were chanting ‘We hate Muslims, we hate blacks, we want our great country back.’",FALSE,Half True,FALSE
Barack Obama “passed laws moving people from welfare to work.”,FALSE,Mostly True,Mostly True
Mitt Romney is wrong that spending under Obama accelerated without precedent; it actually rose slower than in nearly 60 years,FALSE,Mostly True,Mostly True
President Barack Obama promised a pathway to citizenship to undocumented immigrants and didn’t deliver jack squat on any of it,FALSE,Mostly False,Mostly True
"The amount of debt is on pace to double in five years and triple in ten. The federal debt is now over $100,000 per household.",FALSE,Mostly False,Mostly False
"The minute this proposal for near-beach oil drilling came up, I was against it.",FALSE,Mostly False,Mostly False
"The proposed Gogebic Taconite, LLC mine in northern Wisconsin could be extended as long as 21 miles.",FALSE,TRUE,TRUE
"The Richardson-Denish administration gave 50,000 drivers licenses to illegal immigrants in New Mexico.",FALSE,Half True,Half True
"The United States actually exports more gasoline, diesel and other fuels than it imported in 2011 for the first time since 1949.",FALSE,TRUE,TRUE
"Richard Burr was one of only three senators who voted against a ban on insider trading for members of Congress, and he called that vote brave.",FALSE,TRUE,TRUE
Christian Pastor in Vermont sentenced to one year in prison after refusing to marry gay couple.,FALSE,FALSE,FALSE
Rhode Island is the only state where officers at state-supported colleges carry out their duties unarmed.,FALSE,Mostly True,Mostly True
The United States has the highest corporate tax rate in the world.,FALSE,FALSE,FALSE
"“It was allowed,” referring to her email practices.",FALSE,Mostly False,Mostly False
The law is very clear! “The monies recouped from the TARP shall be paid into the general fund of the Treasury for the reduction of the public debt.”,FALSE,TRUE,TRUE
"Our veterans, in many cases, are being treated worse than illegal immigrants.",FALSE,Mostly False,Mostly False
Paul Ryan tried to change the whole game for Social Security.,FALSE,Mostly True,Mostly True
"Rob Portman was a registered foreign agent whose client was Haiti, at a time when Baby Doc Duvalier, who was a despot, was killing people.",FALSE,Mostly False,Mostly False
Recent solar energy policies in Georgia have resulted in rate hikes and did not result in solar becoming more economically viable.,FALSE,Mostly False,Mostly False
President Barack Obama’s acceptance of an Islamic order and gold medal was unconstitutional.,FALSE,Mostly False,Mostly False
"In 2010, the non-partisan GAO found that only 6.5 % of the U.S.–Mexico border was under full control of the Border Patrol.",FALSE,Mostly False,Mostly False
Not one tax has been raised since I’ve been governor.,FALSE,FALSE,FALSE
"Demand for transportation choice is on the rise, with 14 % more Ohioans riding passenger trains over the past year.",FALSE,Mostly False,Mostly False
A poll conducted in Egypt revealed that 80 % of Egyptians oppose receiving foreign aid from the U.S.,FALSE,Mostly False,Mostly False
We spend twice as much per capita on health care as any other nation on Earth.,FALSE,Mostly True,Mostly True
The Texas Education Agency follows up to make sure undocumented immigrants paying in-state tuition at Texas colleges are applying for permanent residency.,FALSE,FALSE,FALSE
18 states and the District of Columbia have voted Democratic in six consecutive presidential elections.,FALSE,Mostly True,TRUE
Hidden in the healthcare.gov code is language that means users waive any reasonable right to privacy of your personal information.,FALSE,FALSE,FALSE
One of the most recent polls said 75 percent of Americans said either don’t do anything or start over on health-care reform.,FALSE,TRUE,Mostly False
Most military experts say there are anywhere between 25 and 30 members of al Qaeda in Afghanistan.,FALSE,FALSE,FALSE
The average American is working through the month of May just to pay off the government.,FALSE,FALSE,FALSE
Kelly Ayotte stands with the Washington gun lobby. They fund her campaigns.,FALSE,Mostly False,Mostly False
Barack Obama’s network of small donors constitutes a “parallel public financing system.”,FALSE,Mostly False,Mostly False
"In Cranston, it costs $5,000 – $6,000 to send out community notifications on just one Level 3 sex offender.",FALSE,Mostly True,Mostly False
Nine states with no income tax grew jobs from 2001 to 2010 while others lost them.,FALSE,Half True,Half True
"The United States is not building the aircraft, bombers, aircraft carriers, or nuclear submarines.",FALSE,FALSE,FALSE
"The U.S. spends roughly $500 billion on tax compliance — about the budget of the entire military, entirely wasted.",FALSE,Mostly True,Mostly True
The Texas Education Agency follows up to ensure undocumented immigrants paying in-state tuition are applying for permanent residency.,FALSE,FALSE,FALSE
Roy Barnes: “I can put 10 000 people to work … by retrofitting all state buildings for energy independence or efficiency.”,FALSE,Mostly False,Mostly False
Exporters are using a federal loophole to deceptively sell products made from cat and dog fur to U.S. consumers.,FALSE,TRUE,TRUE
The City of Atlanta has either the highest or second-highest average water bills in the U.S.,FALSE,Mostly False,Mostly False
Mitt Romney’s and Bain Capital’s profits from KB Toys were described by the Boston Herald as ‘disgusting.’,FALSE,Mostly False,Mostly False
Roy Cooper’s refusal to do his job is costing taxpayers money.,FALSE,Mostly False,Mostly False
"In exchange for five minutes with Bill Clinton, the government of Qatar was going to give $1 million to the Clinton Foundation.",FALSE,FALSE,FALSE
Marco Rubio supported gun restrictions including background checks and waiting periods.,FALSE,Half True,Half True
The salaries of Austin residents who don’t work for city government have not been going up 3 percent a year for the last several years.,FALSE,Mostly True,Mostly True
In 2013 over 50 % of all babies born in Oregon were Hispanic.,FALSE,FALSE,FALSE
The City of Atlanta has either the highest or second-highest average water bills in the country.,FALSE,Mostly True,Mostly True
Milwaukee’s problems include 52 % black male unemployment.,FALSE,Half True,Half True
Rob Cornilles has disputed for two years a news story that said he would cut Social Security and Medicare before trimming the defense budget.,FALSE,Mostly True,Mostly True
Michael L. Williams has attended more than 150 Tea Party gatherings.,FALSE,Mostly False,Mostly False
Harry Reid has voted to give special tax breaks to illegal aliens.,FALSE,TRUE,FALSE
Job growth in the U.S. is now at the fastest pace in this country’s history.,FALSE,FALSE,FALSE
"When asked about equal pay for women, Marco Rubio’s quote was that it was a waste of time.",FALSE,Mostly False,Mostly False
Kasim Reed has issued an increasing number of citations — and collected an increasing amount of revenue — since taking office in 2010.,FALSE,Mostly True,Mostly True
The last time Republican U.S. Senate candidates beat more than two incumbents was 1980.,FALSE,Mostly True,Mostly True
On how to respond to Puerto Rico’s debt crisis.,FALSE,Mostly False,Mostly False
The State of Rhode Island has the worst state-funded pension in the country.,FALSE,Mostly False,Mostly False
In 2009 Hillary Clinton was at the State Department working with U.S. corporations to pressure Haiti not to raise the minimum wage to 61¢ from 24¢.,FALSE,Mostly False,Mostly False
"More than any Republican governor in the 2014 elections, I took a higher percentage of the Republican vote — and yet I also carried independents by 12 points.",FALSE,Mostly False,Mostly False
"After the 2012 redistricting, Wisconsin has competitive congressional districts.",FALSE,FALSE,FALSE
John McCain was even mentioned as a running mate with John Kerry.,FALSE,Half True,TRUE
“I’ve cast a couple of 99-1 votes and been the lone dissenter.”,FALSE,Mostly False,Mostly False
“He’s never asked for more than inflationary budget increases in his 10 budgets as Milwaukee County sheriff.”,FALSE,Mostly False,Mostly False
"“Under New York Mayor Bill de Blasio, homicides are up 20 %, and subway delays have soared 45 %.”",FALSE,FALSE,FALSE
“And delivered more tax relief than the other Republicans combined.”,FALSE,Mostly False,Mostly False
"“U.S. Rep. Lamar Smith supported the $700 billion Wall Street bailout in 2008, but now he is standing in the way of reforms that would assure these bailouts would never happen again.”",FALSE,Mostly False,Mostly False
“#GradInsurance debacle is a DIRECT result of #ObamaCare. #MIZZOU has to break the law to do the right thing.”,FALSE,Mostly False,Mostly False
“President Barack Obama has waived the work requirement for welfare.”,FALSE,Mostly False,Mostly False
7 out of 10 Oregon families living in poverty have at least one parent who works.,FALSE,Pants on Fire,TRUE
Mark Warner votes with President Obama 97 % of the time.,FALSE,TRUE,TRUE
Rick Perry is a 25-year incumbent.,FALSE,Mostly False,Mostly False
"Conditions in some parts of Baltimore rival those in the West Bank, North Korea, and distressed cities abroad.",FALSE,FALSE,FALSE
The House passed a pay-as-you-go rule requiring new investments or entitlements to be paid for.,FALSE,Mostly True,Mostly True
Ocean Spray moved its Bordentown facility to Pennsylvania largely because of RGGI costs.,FALSE,FALSE,FALSE
Rhode Island is almost dead last among Northeastern states in the length of time first-degree murderers must serve before parole.,FALSE,TRUE,TRUE
"All the really great programs in American history, like Social Security and Medicare, were done without Republican support until the last vote.",FALSE,Mostly False,Mostly False
Diane Black voted to fund Obamacare.,FALSE,Mostly False,Mostly False
Hurricane Sandy was the most destructive Atlantic storm ever.,FALSE,FALSE,FALSE
Hispanic population in Gwinnett County (+153 %) and Henry County (+339 %) since 2000 while GOP presidential vote share declined.,FALSE,Half True,Half True
I was the most bipartisan senator in the U.S. Senate.,FALSE,Mostly False,Mostly False
"Gov. Scott Walker raises the pay of inmates, but not staff in correctional institutions.",FALSE,Mostly False,Mostly False
Debate over authorizing military action against ISIL would be first time Congress limited the Commander-in-Chief.,FALSE,FALSE,FALSE
U.S. debt is now equal to 100 % of GDP.,FALSE,Mostly True,Mostly True
Tom Ganley supports a 23 % national sales tax that would raise taxes on the middle class and give millionaires a break.,FALSE,Mostly False,Mostly False
Pat Toomey still supports privatizing Social Security.,FALSE,Mostly False,Mostly False
Marijuana kids smoke today isn’t the same as Jeb Bush smoked 40 years ago.,FALSE,TRUE,TRUE
Barack Obama voted against born-alive legislation in Illinois virtually identical to federal law.,FALSE,FALSE,FALSE
"Trump shirts made in Bangladesh, suits in Mexico, vodka in Netherlands, cufflinks & ties in China.",FALSE,Mostly False,Mostly False
Obama opened up no new trade relationships with other nations.,FALSE,TRUE,FALSE
Taxpayer subsidy for Oregon Convention Center hotel jumped $100 M in closed-door sessions.,FALSE,Mostly False,Mostly False
Four bulbs cost $1.99 at Walmart; a single CFL costs $10 each.,FALSE,Mostly True,Half True
"Jeb Bush, not the State of Florida, decided which private emails to disclose.",FALSE,Pants on Fire,TRUE
History tells us job growth always lags economic growth.,FALSE,Half True,Half True
Bill Howell has been the consistent force behind every major tax increase in Virginia in the last decade.,FALSE,FALSE,FALSE
"More than 9,000 Rhode Island voters used the Moderate Party master lever though no Moderate was on their ballot.",FALSE,TRUE,Mostly False
Obama attacked Paul Ryan on Medicare even though his administration cut $716 B from Medicare.,FALSE,TRUE,Half True
Hillary Clinton deleted record of support for TPP from her book.,FALSE,Mostly True,FALSE
Obama said Iran is a “tiny” country that “doesn’t pose a serious threat.”,FALSE,FALSE,FALSE
“Barbara Boxer’s worried about the weather instead of terrorism as the biggest threat to national security.”,FALSE,FALSE,FALSE
“We spend three times more on entitlements and debt services than we do on defense.”,FALSE,Mostly False,Mostly False
"“In the 2014 elections, the American people overwhelmingly said we don’t want Obamacare and we don’t want amnesty.”",FALSE,FALSE,FALSE
“Dan Patrick got caught not paying his taxes and pocketed his employees’ payroll taxes.”,FALSE,Pants on Fire,Mostly False
“Merrick Garland authored an opinion that resulted in the release of 17 Guantanamo Bay prisoners who were part of a group of violent Islamist extremists the State Department had designated as terrorists.”,FALSE,TRUE,Half True
"“Congress has 11 percent approval ratings, yet 96.4 percent of incumbent lawmakers were re-elected in 2014.”",FALSE,TRUE,TRUE
“Letting the Bush tax cuts expire would raise taxes on small businesses.”,FALSE,Half True,FALSE
"“Statistics bear out that any time a country, a state, makes more restrictive abortion laws … fatalities go up and abortions actually increase.”",FALSE,TRUE,TRUE
President’s budget would take non-defense spending to lowest % of economy since JFK.,FALSE,Mostly True,Mostly True
"Of 6 million disenfranchised felons in U.S., one-quarter are Floridians.",FALSE,Mostly False,Mostly False
Obama “basically threatened to bomb Pakistan.”,FALSE,FALSE,FALSE
Governor did not consult his own party before releasing transportation plan.,FALSE,Mostly False,Mostly False
Ohio has lost more population than every other state except two.,FALSE,Mostly True,Mostly True
"In California, Donald Trump gave $12 000 to Jerry Brown, Gavin Newsom and Kamala Harris.",FALSE,Mostly False,Mostly False
Gov. Rick Perry has overseen the highest Texas unemployment in 22 years.,FALSE,Mostly False,Mostly False
On support for the auto bailouts.,FALSE,Mostly False,Mostly False
Ed Gillespie’s 2006 book promoted an individual health-care mandate enforced by IRS via tax code.,FALSE,TRUE,TRUE
“When Republican extremists tried to take away abortion rights Blake Rocap stopped them.”,FALSE,Mostly False,Mostly False
“Obama refuses to recognize Jerusalem as the capital of Israel.”,FALSE,TRUE,TRUE